Place,race_number,team,car_no,lap_end_state,lap_progress,lap_time,Delta
1,5,BlueStreak,05,off_track,60.6092,8.06032109260559,
2,5,Storm,35,off_track,50.4932,8.229128360748291,
3,5,Flying Iceman,44,off_track,43.3586,5.042842864990234,
4,5,RB,99,off_track,41.7212,5.105461359024048,
5,5,T Minus 10,10,off_track,37.7274,5.152195930480957,
6,5,GhostRiderz,66,off_track,3.6155,1.05586838722229,
7,5,Baby Step,28,off_track,2.9773,1.2253344058990479,
8,5,SpeedRacer,77,off_track,2.8102,0.9689140319824219,
9,5,PIMParticle,11,off_track,1.5457,1.162581443786621,
