Place,race_number,team,car_no,lap_end_state,lap_progress,lap_time,Delta
1,1,RB,99,lap_complete,100.0,9.321287870407104,
2,1,SpeedRacer,77,lap_complete,100.0,10.003297567367554,0.6820096969604492
3,1,Flying Iceman,44,lap_complete,100.0,11.174025774002075,1.1707282066345215
4,1,GhostRiderz,66,lap_complete,100.0,11.482311248779297,0.3082854747772217
5,1,BlueStreak,05,lap_complete,100.0,11.77946662902832,0.29715538024902344
6,1,T Minus 10,10,lap_complete,100.0,12.396146297454834,0.6166796684265137
7,1,Baby Step,28,lap_complete,100.0,14.56882929801941,2.172683000564575
8,1,PIMParticle,11,lap_complete,100.0,15.20578908920288,0.6369597911834717
9,1,Storm,35,lap_complete,100.0,16.388689517974854,1.1829004287719727
